n_img,n_cluster,n_fixation,centroX,centroY,mediaDistCentro,stdevX,stdevY
1,1,102,0.5130537559856511,0.6743913324253109,0.08391544731017671,0.0563814751038839,0.0993857738865367
1,2,153,0.5128756802591936,0.4860804758832479,0.08281499644720325,0.06126331861200742,0.07412568864957687
