n_img,n_cluster,n_fixation,centroX,centroY,mediaDistCentro,stdevX,stdevY
1,1,26,0.48641887784693927,0.5346597364340165,0.14935497714888019,0.09162438375616277,0.14637461008957917
1,2,15,0.7248303230772944,0.3769777905088784,0.11967772556174743,0.07278950130801609,0.10976560787328289
