n_img,n_cluster,n_fixation,centerPointX,centerPointY,distMeanPoint,stdevX,stdevY
1,1,3,0.5440829174132154,0.6005777589148683,0.0016567322388038137,0.020736984032771077,0.0011139947376431758
1,2,7,0.4907600924655634,0.5112966851346821,0.006138463649355548,0.04779339411933901,0.029825167163823746
3,1,8,0.48525288714387294,0.6910068088478495,0.013714105039518582,0.032846416994294185,0.06466493784961354
