n_img,n_cluster,n_fixation,centroX,centroY,mediaDistCentro,stdevX,stdevY
1,1,11,0.5255850712314939,0.5941019460841287,0.0518277574947379,0.030075076459761655,0.04637728433252735
1,2,3,0.5909498557720155,0.6978540556181297,0.04399666705793332,0.020520419076913887,0.040253102572644035
1,3,6,0.4729403164376602,0.7071875502991202,0.056637098181019564,0.038017028713469056,0.046081956547007204
