n_img,n_cluster,n_fixation,centerPointX,centerPointY,distMeanPoint,stdevX,stdevY
5,1,9,0.489634867182258,0.6762511312152049,0.014728112631245082,0.03335603028438354,0.07388353831797205
