TotalAverageLeft,TotalAverageRight,TotalAverageLFandRG,MinDiameterLeft,MinDiameterRight,MaxDiameterLeft,MaxDiameterRight,AvgDilatationSpeedLeft,AvgDilatationSpeedRight
1.6785828812242793,2.1231443745720524,1.9008636278981659,1.7164757251739502,1.7246098518371582,5.227059841156006,5.899394512176514,0.0,-0.0006480462372307727
