TotalAverageLeft,TotalAverageRight,TotalAverageLFandRG,MinDiameterLeft,MinDiameterRight,MaxDiameterLeft,MaxDiameterRight,AvgDilatationSpeedLeft,AvgDilatationSpeedRight
3.9897187812892643,3.9649313050133212,3.9773250431512928,2.865114688873291,2.8558123111724854,7.088397979736328,7.304625511169434,-0.0010766373816685933,-0.0005198312838561483
