TotalAverageLeft,TotalAverageRight,TotalAverageLFandRG,MinDiameterLeft,MinDiameterRight,MaxDiameterLeft,MaxDiameterRight,AvgDilatationSpeedLeft,AvgDilatationSpeedRight
2.5725996130894795,3.0628217612362767,2.817710687162878,1.928420901298523,2.160945415496826,4.272555828094482,6.595308303833008,0.00029063340173787966,0.00033300565143350804
