TotalAverageLeft,TotalAverageRight,TotalAverageLFandRG,MinDiameterLeft,MinDiameterRight,MaxDiameterLeft,MaxDiameterRight,AvgDilatationSpeedLeft,AvgDilatationSpeedRight
2.8671800382947414,2.475833836304599,2.6715069372996703,2.232491970062256,2.0589985847473145,3.967561960220337,3.4996426105499268,-0.0012248000440545504,-0.0012597508037481633
