TotalAverageLeft,TotalAverageRight,TotalAverageLFandRG,MinDiameterLeft,MinDiameterRight,MaxDiameterLeft,MaxDiameterRight,AvgDilatationSpeedLeft,AvgDilatationSpeedRight
2.637032899840421,2.6180595877611994,2.6275462438008104,2.166942834854126,2.183880090713501,5.649744510650635,5.130825519561768,-0.0008586021744905404,-0.0008760707638320994
