TotalAverageLeft,TotalAverageRight,TotalAverageLFandRG,MinDiameterLeft,MinDiameterRight,MaxDiameterLeft,MaxDiameterRight,AvgDilatationSpeedLeft,AvgDilatationSpeedRight
4.521092770615442,4.206058025142927,4.363575397879185,3.060654401779175,2.823786973953247,6.797013759613037,6.365536212921143,-0.0014721030448618274,-0.0015398298179014197
