Img,MaxEyeLeftDiameter,MaxEyeRightDiameter,Differential
T1_01,2.8405380249023438,2.8585972785949707,0.018059253692626953
T1_02,3.029902219772339,3.04117751121521,0.011275291442871094
T1_03,2.9830451011657715,3.046334743499756,0.06328964233398438
T1_04,3.00881290435791,3.0904154777526855,0.08160257339477539
