Img,MaxEyeLeftDiameter,MaxEyeRightDiameter,Differential
T1_01,3.4701647758483887,4.153130531311035,0.6829657554626465
T1_02,6.098420143127441,4.03199577331543,2.0664243698120117
T1_03,5.3295135498046875,7.08735466003418,1.7578411102294922
T1_04,5.500708103179932,4.955224990844727,0.5454831123352051
