Img,MaxEyeLeftDiameter,MaxEyeRightDiameter,Differential
T1_01,3.455303430557251,3.29079270362854,0.16451072692871094
T1_02,4.552579402923584,3.508626937866211,1.043952465057373
T1_03,3.8577563762664795,3.8547089099884033,0.003047466278076172
T1_04,4.49464225769043,4.051571846008301,0.4430704116821289
