Img,DiamRipRG,DiamRipLF,DiamMaxRG,DiamMaxLF,DiffMinMax,DiamAvg
T3_01,4.002995491027832,4.157384872436523,4.606664657592773,4.6226043701171875,0.43147754669189453,4.342999806914566
T3_02,5.214762210845947,5.240761756896973,5.650736331939697,5.492832183837891,0.43147754669189453,4.303642038730425
T3_03,4.9093828201293945,5.228477954864502,5.382111072540283,5.639793395996094,0.43147754669189453,4.629719750327959
T3_04,5.000883102416992,5.179225444793701,4.918524265289307,5.1122846603393555,0.43147754669189453,4.305951520640363
