Img,MaxEyeLeftDiameter,MaxEyeRightDiameter,Differential
T2_01,3.480473518371582,3.214834690093994,0.2656388282775879
T2_02,3.4816806316375732,3.1959831714630127,0.28569746017456055
T2_03,3.3229260444641113,3.1242928504943848,0.19863319396972656
T2_04,3.299262285232544,3.104520797729492,0.19474148750305176
