MaxEyeLeftDiameter,MaxEyeRightDiameter,Differential
4.091464996337891,4.012254238128662,0.07921075820922852
