Img,MaxEyeLeftDiameter,MaxEyeRightDiameter,Differential
T2_01,3.8343570232391357,3.690615653991699,0.14374136924743652
T2_02,3.9509408473968506,4.152524471282959,0.2015836238861084
T2_03,3.917259454727173,3.940899133682251,0.023639678955078125
T2_04,3.693282127380371,3.7536537647247314,0.06037163734436035
