Img,MaxEyeLeftDiameter,MaxEyeRightDiameter,Differential
T2_01,2.929680347442627,3.045912981033325,0.11623263359069824
T2_02,2.890357494354248,2.9450228214263916,0.054665327072143555
T2_03,2.9961981773376465,3.1632893085479736,0.16709113121032715
T2_04,2.9725334644317627,3.2021219730377197,0.22958850860595703
