Img,MaxEyeLeftDiameter,MaxEyeRightDiameter,Differential
T1_01,4.091464996337891,3.9284698963165283,0.1629951000213623
T1_02,3.970670223236084,3.9987266063690186,0.02805638313293457
T1_03,4.109433650970459,4.7137885093688965,0.6043548583984375
T1_04,4.12931489944458,4.257415771484375,0.12810087203979492
