Img,DiamRipRG,DiamRipLF,DiamMax,DiffMinMax,DiamAvg
T3_01,3.6932644844055176,3.6266167163848877,7.304625511169434,0.21622753143310547,3.7412987801066615
T3_02,3.5759470462799072,3.550924062728882,7.304625511169434,0.21622753143310547,3.8130632982516945
T3_03,3.6053576469421387,3.6841907501220703,7.304625511169434,0.21622753143310547,3.635305696129799
T3_04,4.376264572143555,4.616302967071533,7.304625511169434,0.21622753143310547,3.9284025218552516
