Img,MaxEyeLeftDiameter,MaxEyeRightDiameter,Differential
T1_01,4.091464996337891,4.012254238128662,0.07921075820922852
T1_02,4.039957523345947,4.7137885093688965,0.6738309860229492
T1_03,0,0,0
T1_04,3.9509408473968506,4.152524471282959,0.2015836238861084
