Img,MaxEyeLeftDiameter,MaxEyeRightDiameter,Differential
T2_01,3.917259454727173,3.940899133682251,0.023639678955078125
T2_02,3.5015475749969482,3.7141788005828857,0.2126312255859375
T2_03,0,0,0
T2_04,4.272555828094482,4.317824840545654,0.045269012451171875
