Img,DiamRipRG,DiamRipLF,DiamMaxRG,DiamMaxLF,DiffMinMax,DiamAvg
T3_01,2.856229782104492,2.738168716430664,3.2744457721710205,3.0760140419006348,0.5189189910888672,2.89217564702034
T3_02,2.660405397415161,2.581819534301758,3.239260196685791,3.1403207778930664,0.5189189910888672,2.859809986054897
T3_03,2.495518684387207,2.4466745853424072,3.008840560913086,2.9171102046966553,0.5189189910888672,2.7906416708230974
T3_04,3.0001513957977295,2.9355485439300537,3.021878957748413,2.887244701385498,0.5189189910888672,2.527389937176143
