Img,MaxEyeLeftDiameter,MaxEyeRightDiameter,Differential
T1_01,3.482494354248047,3.2341480255126953,0.24834632873535156
T1_02,3.5544135570526123,3.2455484867095947,0.3088650703430176
T1_03,3.5715088844299316,3.3100035190582275,0.2615053653717041
T1_04,3.7606351375579834,3.4996426105499268,0.26099252700805664
