Img,MaxEyeLeftDiameter,MaxEyeRightDiameter,Differential
T1_01,6.7693257331848145,5.757540225982666,1.0117855072021484
T1_02,4.7337775230407715,6.488576412200928,1.7547988891601562
T1_03,6.7693257331848145,6.498563766479492,0.27076196670532227
T1_04,0,0,0
