Img,MaxEyeLeftDiameter,MaxEyeRightDiameter,Differential
T1_01,5.103495121002197,4.703011989593506,0.4004831314086914
T1_02,6.797013759613037,5.632373332977295,1.1646404266357422
T1_03,5.871600151062012,5.608180999755859,0.26341915130615234
T1_04,5.580864429473877,5.348651885986328,0.23221254348754883
