Img,MaxEyeLeftDiameter,MaxEyeRightDiameter,Differential
T2_01,6.01670503616333,5.579802989959717,0.4369020462036133
T2_02,5.648216724395752,5.651828289031982,0.0036115646362304688
T2_03,5.778162956237793,5.221687316894531,0.5564756393432617
T2_04,5.539492607116699,5.113287448883057,0.4262051582336426
