Img,MaxEyeLeftDiameter,MaxEyeRightDiameter,Differential
T2_01,4.372857093811035,3.949453830718994,0.423403263092041
T2_02,4.359902858734131,3.7360458374023438,0.6238570213317871
T2_03,4.020936012268066,4.106449604034424,0.08551359176635742
T2_04,3.785787582397461,3.4664931297302246,0.31929445266723633
