Img,DiamRipRG,DiamRipLF,DiamMaxRG,DiamMaxLF,DiffMinMax,DiamAvg
T3_01,2.7251739501953125,2.900101900100708,3.4568393230438232,4.269097328186035,0.6723346710205078,2.8025134435296057
T3_02,0,3.085954189300537,2.8690648078918457,3.0845539569854736,0.6723346710205078,2.827295795083046
T3_03,0,0,3.79565691947937,4.045414924621582,0.6723346710205078,2.3049157071113586
T3_04,3.080859899520874,3.2942354679107666,3.0876517295837402,3.6606431007385254,0.6723346710205078,2.222017666749787
