Img,DiamRipRG,DiamRipLF,DiamMax,DiffMinMax,DiamAvg
T3_01,3.508988618850708,3.65507435798645,6.595308303833008,2.3227524757385254,3.0643739063936963
T3_02,3.1133639812469482,2.9617295265197754,6.595308303833008,2.3227524757385254,2.773777022995148
T3_03,3.7733676433563232,3.532005548477173,6.595308303833008,2.3227524757385254,3.5452883912805926
T3_04,3.817819118499756,0,6.595308303833008,2.3227524757385254,3.089673376083374
