Img,MaxEyeLeftDiameter,MaxEyeRightDiameter,Differential
T1_01,3.2649712562561035,3.3941450119018555,0.12917375564575195
T1_02,3.3844871520996094,3.6360323429107666,0.2515451908111572
T1_03,4.382988929748535,4.064001083374023,0.3189878463745117
T1_04,0,0,0
