Img,DiamRipRG,DiamRipLF,DiamMaxRG,DiamMaxLF,DiffMinMax,DiamAvg
T3_01,2.856229782104492,2.738168716430664,3.2744457721710205,3.0760140419006348,0.5189189910888672,2.89217564702034
